dataset	sample	mode	ref_label	status	n_reads_total	n_reads_used	mapping_rate	mean_identity	top1_proportion	top1_variants	n_our_variants	n_company_variants_ge5	n_overlap	overlap_keys	error	elapsed_sec
TSM20260826	293T-E4	A	self	ok	429	420	1	0.994449	0.647619047619048	.	626	2	2	SNV:135,136	""	0.83
TSM20260826	293T-E4	B	self	ok	429	420	1	0.994449	0.933333333333333	.	2	2	0	""	""	2.96
TSM20260826	293T-E4	C	self	ok	429	429			0.1002331002331		0	2	0	""	""	0.04
TSM20260826	293T-G2	A	self	ok	184	79	0.456522	0.993413	0.569620253164557	.	42	4	4	SNV:152,190,200,252	""	0.48
TSM20260826	293T-G2	B	self	ok	184	79	0.456522	0.993413	0.518987341772152	.	7	4	4	SNV:152,190,200,252	""	1.59
TSM20260826	293T-G2	C	self	ok	184	184			0.0815217391304348		0	4	0	""	""	0.04
TSM20260826	E4-19	A	self	ok	456	306	1	0.997902	1	.	184	0	0	""	""	0.56
TSM20260826	E4-19	A	wt	ok	456	139	1	0.984458	0.633093525179856	.	154	0	0	""	""	0.43
TSM20260826	E4-19	B	self	ok	456	306	1	0.997902	0.957516339869281	.	0	0	0	""	""	1.39
TSM20260826	E4-19	B	wt	ok	456	139	1	0.984458	0.697841726618705	216delCTGGGGC	5	0	0	""	""	2.63
TSM20260826	E4-19	C	self	ok	456	456			0.179824561403509		0	0	0	""	""	0.04
TSM20260826	E4-19	C	wt	ok	456	456			0.179824561403509		0	0	0	""	""	0.04
TSM20260826	E4-3	A	self	ok	438	426	0.997717	0.993877	0.333333333333333	218delG	573	2	2	SNV:135;Indel:218	""	0.64
TSM20260826	E4-3	A	wt	ok	438	425	0.997717	0.992218	0.642352941176471	218delGG	548	0	0	""	""	0.64
TSM20260826	E4-3	B	self	ok	438	426	0.997717	0.993877	0.410798122065728	.	14	2	1	SNV:135	""	5.49
TSM20260826	E4-3	B	wt	ok	438	425	0.997717	0.992218	0.362352941176471	221delG	12	0	0	""	""	5.61
TSM20260826	E4-3	C	self	ok	438	438			0.0547945205479452		0	2	0	""	""	0.2
TSM20260826	E4-3	C	wt	ok	438	438			0.0547945205479452		0	0	0	""	""	0.04
TSM20260826	E4-9	A	self	ok	376	361	1	0.985069	0.46814404432133	.	393	12	12	SNV:135;Indel:219,220,221,222,223,224,225,226,227,228,232	""	0.57
TSM20260826	E4-9	A	wt	ok	376	361	1	0.98539	0.479224376731302	.	400	0	0	""	""	0.55
TSM20260826	E4-9	B	self	ok	376	361	1	0.985069	0.56786703601108	.	9	12	10	SNV:135;Indel:220,221,222,224,225,226,227,228,232	""	3.89
TSM20260826	E4-9	B	wt	ok	376	361	1	0.98539	0.56786703601108	221insAAA	12	0	0	""	""	4.14
TSM20260826	E4-9	C	self	ok	376	376			0.0691489361702128		0	12	0	""	""	0.05
TSM20260826	E4-9	C	wt	ok	376	376			0.0691489361702128		0	0	0	""	""	0.03
TSM20260826	G2-1-9	A	self	ok	149	45	0.348993	0.991977	0.488888888888889	.	27	4	4	SNV:152,190,200,252	""	0.23
TSM20260826	G2-1-9	A	wt	ok	149	45	0.348993	0.99162	0.488888888888889	152G>A;190G>A;200G>A;252G>A	27	0	0	""	""	0.24
TSM20260826	G2-1-9	B	self	ok	149	45	0.348993	0.991977	0.444444444444444	152A>G;190A>G;200A>G;252A>G	4	4	4	SNV:152,190,200,252	""	1.13
TSM20260826	G2-1-9	B	wt	ok	149	45	0.348993	0.99162	0.444444444444444	.	4	0	0	""	""	1.42
TSM20260826	G2-1-9	C	self	ok	149	149			0.0536912751677852		0	4	0	""	""	0.03
TSM20260826	G2-1-9	C	wt	ok	149	149			0.0536912751677852		0	0	0	""	""	0.03
ZNF8	WT	A	self	ok	62	56	0.967742	0.995208	1	.	76	0	0	""	""	0.15
ZNF8	WT	B	self	ok	62	56	0.967742	0.995208	0.857142857142857	.	2	0	0	""	""	0.81
ZNF8	WT	C	self	ok	62	62			0.258064516129032		0	0	0	""	""	0.02
ZNF8	clone_10	A	self	ok	125	91	0.752	0.977671	0.417582417582418	136delTCT;142delG;144delGAC;133T>C	114	10	10	SNV:131,133,140;Indel:136,137,138,142,144,145,146	""	0.25
ZNF8	clone_10	A	wt	ok	125	91	0.752	0.959667	0.417582417582418	138delAGGATCCT;148delACCGTGAC	113	0	0	""	""	0.23
ZNF8	clone_10	B	self	ok	125	91	0.752	0.977671	0.582417582417583	133T>C;136delTCT;142delG;145delACG	6	10	10	SNV:131,133,140;Indel:136,137,138,142,144,145,146	""	1.23
ZNF8	clone_10	B	wt	ok	125	91	0.752	0.959667	0.582417582417583	138delAGGATC;146delCTACCGTGAC	3	0	0	""	""	1.45
ZNF8	clone_10	C	self	ok	125	125			0.12		0	10	0	""	""	0.04
ZNF8	clone_10	C	wt	ok	125	125			0.12		0	0	0	""	""	0.02
ZNF8	clone_11	A	self	ok	119	25	0.243697	0.996345	1	.	3	0	0	""	""	0.16
ZNF8	clone_11	A	wt	ok	119	2	0.016807	0.98125	1	.	4	0	0	""	""	0.14
ZNF8	clone_11	B	self	ok	119	25	0.243697	0.996345	1	.	0	0	0	""	""	0.47
ZNF8	clone_11	B	wt	ok	119	2	0.016807	0.98125	1	136delAGAGGATCC	1	0	0	""	""	0.4
ZNF8	clone_11	C	self	ok	119	119			0.0588235294117647		0	0	0	""	""	0.03
ZNF8	clone_11	C	wt	ok	119	119			0.0588235294117647		0	0	0	""	""	0.03
ZNF8	clone_12	A	self	ok	295	232	0.820339	0.971889	0.560344827586207	136delAGATCCTCTACCGTGAC	189	13	13	Indel:137,138,139,140,141,142,143,144,145,146,147,148,149	""	0.31
ZNF8	clone_12	A	wt	ok	295	229	0.820339	0.96371	0.589519650655022	136delAGAGGATCCTCTACCGTGAC	147	0	0	""	""	0.37
ZNF8	clone_12	B	self	ok	295	232	0.820339	0.971889	0.556034482758621	139delTCCTCTACCGTGA	4	13	12	Indel:138,139,140,141,142,143,144,145,146,147,148,149	""	2.4
ZNF8	clone_12	B	wt	ok	295	229	0.820339	0.96371	0.563318777292576	139delGGATCCTCTACCGTGA	5	0	0	""	""	2.27
ZNF8	clone_12	C	self	ok	295	295			0.169491525423729		0	13	0	""	""	0.05
ZNF8	clone_12	C	wt	ok	295	295			0.169491525423729		0	0	0	""	""	0.03
ZNF8	clone_13	A	self	ok	224	148	0.683036	0.98835	0.513513513513514	.	137	4	4	Indel:125,126,127,128	""	0.25
ZNF8	clone_13	A	wt	ok	224	146	0.683036	0.954101	0.767123287671233	124delTGGACCCTACCCAGAGGATCC	97	0	0	""	""	0.27
ZNF8	clone_13	B	self	ok	224	148	0.683036	0.98835	0.912162162162162	.	0	4	0	""	""	1.14
ZNF8	clone_13	B	wt	ok	224	146	0.683036	0.954101	0.931506849315068	130delCTACCCAGAGGATCC	1	0	0	""	""	1.03
ZNF8	clone_13	C	self	ok	224	224			0.107142857142857		0	4	0	""	""	0.05
ZNF8	clone_13	C	wt	ok	224	224			0.107142857142857		0	0	0	""	""	0.03
ZNF8	clone_14	A	self	ok	194	155	0.829897	0.969143	0.670967741935484	.	185	0	0	""	""	0.22
ZNF8	clone_14	A	wt	ok	194	155	0.829897	0.966092	0.658064516129032	139delG	185	0	0	""	""	0.26
ZNF8	clone_14	B	self	ok	194	155	0.829897	0.969143	0.6	.	4	0	0	""	""	1.59
ZNF8	clone_14	B	wt	ok	194	155	0.829897	0.966092	0.6	140delG	5	0	0	""	""	1.81
ZNF8	clone_14	C	self	ok	194	194			0.201030927835052		0	0	0	""	""	0.05
ZNF8	clone_14	C	wt	ok	194	194			0.201030927835052		0	0	0	""	""	0.03
ZNF8	clone_16	A	self	ok	282	207	0.748227	0.975543	0.483091787439614	139delTCCTCTACCGT	201	11	11	Indel:139,140,141,142,143,144,145,146,147,148,149	""	0.29
ZNF8	clone_16	A	wt	ok	282	207	0.748227	0.966772	0.521739130434783	125delGGACCCTACCCAGAGGATCCTCTACCGT	189	0	0	""	""	0.31
ZNF8	clone_16	B	self	ok	282	207	0.748227	0.975543	0.898550724637681	139delTCCTCTACCGT	7	11	11	Indel:139,140,141,142,143,144,145,146,147,148,149	""	1.62
ZNF8	clone_16	B	wt	ok	282	207	0.748227	0.966772	0.898550724637681	140delGATCCTCTACCGTG	5	0	0	""	""	1.63
ZNF8	clone_16	C	self	ok	282	282			0.141843971631206		0	11	0	""	""	0.05
ZNF8	clone_16	C	wt	ok	282	282			0.141843971631206		0	0	0	""	""	0.03
ZNF8	clone_17	A	self	ok	181	121	0.679558	0.996635	1	.	68	0	0	""	""	0.21
ZNF8	clone_17	A	wt	ok	181	121	0.679558	0.98731	0.983471074380165	137delGAG	71	0	0	""	""	0.26
ZNF8	clone_17	B	self	ok	181	121	0.679558	0.996635	0.958677685950413	.	0	0	0	""	""	0.82
ZNF8	clone_17	B	wt	ok	181	121	0.679558	0.98731	0.958677685950413	139delGGA	1	0	0	""	""	0.92
ZNF8	clone_17	C	self	ok	181	181			0.237569060773481		0	0	0	""	""	0.05
ZNF8	clone_17	C	wt	ok	181	181			0.237569060773481		0	0	0	""	""	0.03
ZNF8	clone_18	A	self	ok	214	145	0.71028	0.995959	0.979310344827586	.	116	0	0	""	""	0.21
ZNF8	clone_18	A	wt	ok	214	145	0.71028	0.992954	0.972413793103448	139insC	116	0	0	""	""	0.27
ZNF8	clone_18	B	self	ok	214	145	0.71028	0.995959	0.924137931034483	.	0	0	0	""	""	0.9
ZNF8	clone_18	B	wt	ok	214	145	0.71028	0.992954	0.924137931034483	139insC	1	0	0	""	""	0.99
ZNF8	clone_18	C	self	ok	214	214			0.266355140186916		0	0	0	""	""	0.05
ZNF8	clone_18	C	wt	ok	214	214			0.266355140186916		0	0	0	""	""	0.03
ZNF8	clone_20	A	self	ok	105	79	0.885714	0.974801	0.430379746835443	140delCGATCCT	60	8	8	Indel:139,140,141,142,143,144,145,146	""	0.21
ZNF8	clone_20	A	wt	ok	105	79	0.885714	0.976737	0.430379746835443	140delGATCCT	60	0	0	""	""	0.2
ZNF8	clone_20	B	self	ok	105	79	0.885714	0.974801	0.835443037974684	141delGATCCTC	2	8	8	Indel:139,140,141,142,143,144,145,146	""	1.07
ZNF8	clone_20	B	wt	ok	105	79	0.885714	0.976737	0.835443037974684	140delGATCCT	2	0	0	""	""	1.15
ZNF8	clone_20	C	self	ok	105	105			0.171428571428571		0	8	0	""	""	0.03
ZNF8	clone_20	C	wt	ok	105	105			0.171428571428571		0	0	0	""	""	0.03
ZNF8	clone_3	A	self	ok	167	139	0.886228	0.965472	0.482014388489209	.	104	9	5	Indel:142,143,144,145,146	""	0.29
ZNF8	clone_3	A	wt	ok	167	143	0.886228	0.948376	0.48951048951049	.	194	0	0	""	""	0.28
ZNF8	clone_3	B	self	ok	167	139	0.886228	0.965472	0.654676258992806	.	8	9	0	""	""	2.28
ZNF8	clone_3	B	wt	ok	167	143	0.886228	0.948376	0.426573426573427	139delGGATCCTCT	9	0	0	""	""	1.9
ZNF8	clone_3	C	self	ok	167	167			0.137724550898204		0	9	0	""	""	0.04
ZNF8	clone_3	C	wt	ok	167	167			0.137724550898204		0	0	0	""	""	0.02
ZNF8	clone_4	A	self	ok	186	106	0.698925	0.98958	0.764150943396226	.	69	2	2	Indel:140,141	""	0.2
ZNF8	clone_4	A	wt	ok	186	105	0.698925	0.953559	0.819047619047619	139delGGATCCTCTACCGTGACGT	62	0	0	""	""	0.23
ZNF8	clone_4	B	self	ok	186	106	0.698925	0.98958	0.783018867924528	.	2	2	2	Indel:140,141	""	1.15
ZNF8	clone_4	B	wt	ok	186	105	0.698925	0.953559	0.780952380952381	141delATCCTCTACCGTGACGT	2	0	0	""	""	1.36
ZNF8	clone_4	C	self	ok	186	186			0.161290322580645		0	2	0	""	""	0.06
ZNF8	clone_4	C	wt	ok	186	186			0.161290322580645		0	0	0	""	""	0.03
ZNF8	clone_5	A	self	ok	206	151	0.757282	0.973569	0.516556291390729	.	170	15	15	Indel:140,141,142,143,144,145,146,147,148,149,150,151,152,153,154	""	0.26
ZNF8	clone_5	A	wt	ok	206	149	0.757282	0.971481	0.516778523489933	139delG	135	0	0	""	""	0.29
ZNF8	clone_5	B	self	ok	206	151	0.757282	0.973569	0.423841059602649	.	2	15	15	Indel:140,141,142,143,144,145,146,147,148,149,150,151,152,153,154	""	1.96
ZNF8	clone_5	B	wt	ok	206	149	0.757282	0.971481	0.429530201342282	140delG	3	0	0	""	""	1.72
ZNF8	clone_5	C	self	ok	206	206			0.121359223300971		0	15	0	""	""	0.05
ZNF8	clone_5	C	wt	ok	206	206			0.121359223300971		0	0	0	""	""	0.03
ZNF8	clone_6	A	self	ok	129	91	0.72093	0.996928	0.945054945054945	.	69	0	0	""	""	0.2
ZNF8	clone_6	A	wt	ok	129	91	0.72093	0.987715	0.923076923076923	136delAGAG	70	0	0	""	""	0.22
ZNF8	clone_6	B	self	ok	129	91	0.72093	0.996928	0.912087912087912	.	0	0	0	""	""	0.8
ZNF8	clone_6	B	wt	ok	129	91	0.72093	0.987715	0.912087912087912	139delGGA	1	0	0	""	""	0.78
ZNF8	clone_6	C	self	ok	129	129			0.302325581395349		0	0	0	""	""	0.03
ZNF8	clone_6	C	wt	ok	129	129			0.302325581395349		0	0	0	""	""	0.02
ZNF8	clone_7	A	self	ok	242	185	0.797521	0.972592	0.583783783783784	122delGCTGGTACCGTG	127	9	9	Indel:122,123,124,125,126,127,128,129,130	""	0.3
ZNF8	clone_7	A	wt	ok	242	177	0.797521	0.922503	0.632768361581921	122delGCTGGACCCTACCCAGAGGATCCTCTACCGT	68	0	0	""	""	0.3
ZNF8	clone_7	B	self	ok	242	185	0.797521	0.972592	0.572972972972973	123delCTGGTACCG	5	9	9	Indel:122,123,124,125,126,127,128,129,130	""	2.27
ZNF8	clone_7	B	wt	ok	242	177	0.797521	0.922503	0.525423728813559	123delCTGGACCCTACCCAGAGGATCCTCTACCG	6	0	0	""	""	2.03
ZNF8	clone_7	C	self	ok	242	242			0.15702479338843		0	9	0	""	""	0.05
ZNF8	clone_7	C	wt	ok	242	242			0.15702479338843		0	0	0	""	""	0.03
ZNF8	clone_9	A	self	ok	216	173	0.824074	0.983006	0.421965317919075	134delCCAGAGATC	152	8	8	Indel:134,135,136,137,138,139,140,141	""	0.26
ZNF8	clone_9	A	wt	ok	216	173	0.824074	0.979964	0.427745664739884	134delCCAGAGGATC	152	0	0	""	""	0.31
ZNF8	clone_9	B	self	ok	216	173	0.824074	0.983006	0.69364161849711	136delAGAGATCC	3	8	7	Indel:135,136,137,138,139,140,141	""	1.81
ZNF8	clone_9	B	wt	ok	216	173	0.824074	0.979964	0.69364161849711	136delAGAGGATCC	3	0	0	""	""	2.21
ZNF8	clone_9	C	self	ok	216	216			0.0972222222222222		0	8	0	""	""	0.04
ZNF8	clone_9	C	wt	ok	216	216			0.0972222222222222		0	0	0	""	""	0.03
nano_seq	293T-G1	A	self	ok	205	181	0.941463	0.994234	1	.	363	1	1	Indel:612	""	0.41
nano_seq	293T-G1	B	self	ok	205	181	0.941463	0.994234	0.917127071823204	.	0	1	0	""	""	2.47
nano_seq	293T-G1	C	self	ok	205	205			0.0634146341463415		0	1	0	""	""	0.05
nano_seq	293T-G2	A	self	ok	375	365	0.992	0.995023	1	.	731	0	0	""	""	0.56
nano_seq	293T-G2	B	self	ok	375	365	0.992	0.995023	0.397260273972603	.	4	0	0	""	""	5.59
nano_seq	293T-G2	C	self	ok	375	375			0.12		0	0	0	""	""	0.04
nano_seq	293T-G3	A	self	ok	232	220	1	0.993326	0.45	207delAA;270delA	567	2	2	Indel:207,270	""	0.51
nano_seq	293T-G3	B	self	ok	232	220	1	0.993326	0.386363636363636	216delA;276delA	13	2	0	""	""	5.53
nano_seq	293T-G3	C	self	ok	232	232			0.0431034482758621		0	2	0	""	""	0.03
nano_seq	293T-G4	A	self	ok	183	161	0.912568	0.995045	0.975155279503106	.	237	2	2	Indel:33,34	""	0.55
nano_seq	293T-G4	B	self	ok	183	161	0.912568	0.995045	0.527950310559006	56delT	6	2	0	""	""	3.14
nano_seq	293T-G4	C	self	ok	183	183			0.0655737704918033		0	2	0	""	""	0.05
nano_seq	293T-G5	A	self	ok	224	212	1	0.996499	1	.	441	0	0	""	""	0.31
nano_seq	293T-G5	B	self	ok	224	212	1	0.996499	0.924528301886792	.	0	0	0	""	""	2.28
nano_seq	293T-G5	C	self	ok	224	224			0.142857142857143		0	0	0	""	""	0.04
nano_seq	G1	A	self	ok	93	69	0.795699	0.987651	0.855072463768116	.	219	16	16	Indel:457,458,459,460,461,462,463,464,465,466,467,468,469,470,471,612	""	0.26
nano_seq	G1	A	wt	ok	93	69	0.795699	0.987651	0.855072463768116	.	219	0	0	""	""	0.34
nano_seq	G1	B	self	ok	93	69	0.795699	0.987651	0.942028985507246	631insA	1	16	0	""	""	1.47
nano_seq	G1	B	wt	ok	93	69	0.795699	0.987651	0.942028985507246	631insA	1	0	0	""	""	1.55
nano_seq	G1	C	self	ok	93	93			0.032258064516129		0	16	0	""	""	0.03
nano_seq	G1	C	wt	ok	93	93			0.032258064516129		0	0	0	""	""	0.03
nano_seq	G2	A	self	ok	222	206	0.977477	0.992994	0.655339805825243	.	355	8	8	Indel:389,390,391,392,393,395,396,397	""	0.38
nano_seq	G2	A	wt	ok	222	206	0.977477	0.992986	0.660194174757282	.	354	0	0	""	""	0.39
nano_seq	G2	B	self	ok	222	206	0.977477	0.992994	0.932038834951456	.	10	8	3	Indel:395,396,397	""	2.69
nano_seq	G2	B	wt	ok	222	206	0.977477	0.992986	0.932038834951456	.	9	0	0	""	""	2.66
nano_seq	G2	C	self	ok	222	222			0.0810810810810811		0	8	0	""	""	0.04
nano_seq	G2	C	wt	ok	222	222			0.0810810810810811		0	0	0	""	""	0.06
nano_seq	G3	A	self	ok	272	236	1	0.991597	0.436440677966102	207delAA;270delA	540	3	3	Indel:207,270,510	""	0.59
nano_seq	G3	A	wt	ok	272	236	1	0.991597	0.436440677966102	207delAA;270delA	540	0	0	""	""	0.6
nano_seq	G3	B	self	ok	272	236	1	0.991597	0.63135593220339	.	5	3	1	Indel:510	""	4.48
nano_seq	G3	B	wt	ok	272	236	1	0.991597	0.63135593220339	.	5	0	0	""	""	4.47
nano_seq	G3	C	self	ok	272	272			0.0294117647058824		0	3	0	""	""	0.04
nano_seq	G3	C	wt	ok	272	272			0.0294117647058824		0	0	0	""	""	0.06
nano_seq	G4	A	self	ok	247	180	0.793522	0.99023	0.827777777777778	.	444	7	7	Indel:319,320,321,322,323,324,612	""	0.68
nano_seq	G4	A	wt	ok	247	180	0.793522	0.989645	0.8	.	450	0	0	""	""	0.42
nano_seq	G4	B	self	ok	247	180	0.793522	0.99023	0.883333333333333	631insA	4	7	0	""	""	2.4
nano_seq	G4	B	wt	ok	247	180	0.793522	0.989645	0.883333333333333	56delT	4	0	0	""	""	2.59
nano_seq	G4	C	self	ok	247	247			0.0242914979757085		0	7	0	""	""	0.03
nano_seq	G4	C	wt	ok	247	247			0.0242914979757085		0	0	0	""	""	0.03
nano_seq	G5	A	self	ok	145	124	1	0.98914	0.596774193548387	.	377	15	15	Indel:260,261,262,263,264,265,266,267,268,269,270,271,272,273,274	""	0.35
nano_seq	G5	A	wt	ok	145	124	1	0.98914	0.580645161290323	.	375	0	0	""	""	0.34
nano_seq	G5	B	self	ok	145	124	1	0.98914	0.830645161290323	268delC	5	15	9	Indel:266,267,268,269,270,271,272,273,274	""	2.52
nano_seq	G5	B	wt	ok	145	124	1	0.98914	0.830645161290323	.	9	0	0	""	""	2.94
nano_seq	G5	C	self	ok	145	145			0.0344827586206897		0	15	0	""	""	0.03
nano_seq	G5	C	wt	ok	145	145			0.0344827586206897		0	0	0	""	""	0.05
