dataset	sample	mode	ref_label	status	elapsed_sec	error	run_dir
TSM20260826	293T-E4	A	self	ok	0.83	""	tmp/test_results/r/test_run_win/TSM20260826/293T-E4/mode_A/self
TSM20260826	293T-E4	B	self	ok	2.96	""	tmp/test_results/r/test_run_win/TSM20260826/293T-E4/mode_B/self
TSM20260826	293T-E4	C	self	ok	0.04	""	tmp/test_results/r/test_run_win/TSM20260826/293T-E4/mode_C/self
TSM20260826	293T-G2	A	self	ok	0.48	""	tmp/test_results/r/test_run_win/TSM20260826/293T-G2/mode_A/self
TSM20260826	293T-G2	B	self	ok	1.59	""	tmp/test_results/r/test_run_win/TSM20260826/293T-G2/mode_B/self
TSM20260826	293T-G2	C	self	ok	0.04	""	tmp/test_results/r/test_run_win/TSM20260826/293T-G2/mode_C/self
TSM20260826	E4-19	A	self	ok	0.56	""	tmp/test_results/r/test_run_win/TSM20260826/E4-19/mode_A/self
TSM20260826	E4-19	A	wt	ok	0.43	""	tmp/test_results/r/test_run_win/TSM20260826/E4-19/mode_A/wt
TSM20260826	E4-19	B	self	ok	1.39	""	tmp/test_results/r/test_run_win/TSM20260826/E4-19/mode_B/self
TSM20260826	E4-19	B	wt	ok	2.63	""	tmp/test_results/r/test_run_win/TSM20260826/E4-19/mode_B/wt
TSM20260826	E4-19	C	self	ok	0.04	""	tmp/test_results/r/test_run_win/TSM20260826/E4-19/mode_C/self
TSM20260826	E4-19	C	wt	ok	0.04	""	tmp/test_results/r/test_run_win/TSM20260826/E4-19/mode_C/wt
TSM20260826	E4-3	A	self	ok	0.64	""	tmp/test_results/r/test_run_win/TSM20260826/E4-3/mode_A/self
TSM20260826	E4-3	A	wt	ok	0.64	""	tmp/test_results/r/test_run_win/TSM20260826/E4-3/mode_A/wt
TSM20260826	E4-3	B	self	ok	5.49	""	tmp/test_results/r/test_run_win/TSM20260826/E4-3/mode_B/self
TSM20260826	E4-3	B	wt	ok	5.61	""	tmp/test_results/r/test_run_win/TSM20260826/E4-3/mode_B/wt
TSM20260826	E4-3	C	self	ok	0.2	""	tmp/test_results/r/test_run_win/TSM20260826/E4-3/mode_C/self
TSM20260826	E4-3	C	wt	ok	0.04	""	tmp/test_results/r/test_run_win/TSM20260826/E4-3/mode_C/wt
TSM20260826	E4-9	A	self	ok	0.57	""	tmp/test_results/r/test_run_win/TSM20260826/E4-9/mode_A/self
TSM20260826	E4-9	A	wt	ok	0.55	""	tmp/test_results/r/test_run_win/TSM20260826/E4-9/mode_A/wt
TSM20260826	E4-9	B	self	ok	3.89	""	tmp/test_results/r/test_run_win/TSM20260826/E4-9/mode_B/self
TSM20260826	E4-9	B	wt	ok	4.14	""	tmp/test_results/r/test_run_win/TSM20260826/E4-9/mode_B/wt
TSM20260826	E4-9	C	self	ok	0.05	""	tmp/test_results/r/test_run_win/TSM20260826/E4-9/mode_C/self
TSM20260826	E4-9	C	wt	ok	0.03	""	tmp/test_results/r/test_run_win/TSM20260826/E4-9/mode_C/wt
TSM20260826	G2-1-9	A	self	ok	0.23	""	tmp/test_results/r/test_run_win/TSM20260826/G2-1-9/mode_A/self
TSM20260826	G2-1-9	A	wt	ok	0.24	""	tmp/test_results/r/test_run_win/TSM20260826/G2-1-9/mode_A/wt
TSM20260826	G2-1-9	B	self	ok	1.13	""	tmp/test_results/r/test_run_win/TSM20260826/G2-1-9/mode_B/self
TSM20260826	G2-1-9	B	wt	ok	1.42	""	tmp/test_results/r/test_run_win/TSM20260826/G2-1-9/mode_B/wt
TSM20260826	G2-1-9	C	self	ok	0.03	""	tmp/test_results/r/test_run_win/TSM20260826/G2-1-9/mode_C/self
TSM20260826	G2-1-9	C	wt	ok	0.03	""	tmp/test_results/r/test_run_win/TSM20260826/G2-1-9/mode_C/wt
ZNF8	WT	A	self	ok	0.15	""	tmp/test_results/r/test_run_win/ZNF8/WT/mode_A/self
ZNF8	WT	B	self	ok	0.81	""	tmp/test_results/r/test_run_win/ZNF8/WT/mode_B/self
ZNF8	WT	C	self	ok	0.02	""	tmp/test_results/r/test_run_win/ZNF8/WT/mode_C/self
ZNF8	clone_10	A	self	ok	0.25	""	tmp/test_results/r/test_run_win/ZNF8/clone_10/mode_A/self
ZNF8	clone_10	A	wt	ok	0.23	""	tmp/test_results/r/test_run_win/ZNF8/clone_10/mode_A/wt
ZNF8	clone_10	B	self	ok	1.23	""	tmp/test_results/r/test_run_win/ZNF8/clone_10/mode_B/self
ZNF8	clone_10	B	wt	ok	1.45	""	tmp/test_results/r/test_run_win/ZNF8/clone_10/mode_B/wt
ZNF8	clone_10	C	self	ok	0.04	""	tmp/test_results/r/test_run_win/ZNF8/clone_10/mode_C/self
ZNF8	clone_10	C	wt	ok	0.02	""	tmp/test_results/r/test_run_win/ZNF8/clone_10/mode_C/wt
ZNF8	clone_11	A	self	ok	0.16	""	tmp/test_results/r/test_run_win/ZNF8/clone_11/mode_A/self
ZNF8	clone_11	A	wt	ok	0.14	""	tmp/test_results/r/test_run_win/ZNF8/clone_11/mode_A/wt
ZNF8	clone_11	B	self	ok	0.47	""	tmp/test_results/r/test_run_win/ZNF8/clone_11/mode_B/self
ZNF8	clone_11	B	wt	ok	0.4	""	tmp/test_results/r/test_run_win/ZNF8/clone_11/mode_B/wt
ZNF8	clone_11	C	self	ok	0.03	""	tmp/test_results/r/test_run_win/ZNF8/clone_11/mode_C/self
ZNF8	clone_11	C	wt	ok	0.03	""	tmp/test_results/r/test_run_win/ZNF8/clone_11/mode_C/wt
ZNF8	clone_12	A	self	ok	0.31	""	tmp/test_results/r/test_run_win/ZNF8/clone_12/mode_A/self
ZNF8	clone_12	A	wt	ok	0.37	""	tmp/test_results/r/test_run_win/ZNF8/clone_12/mode_A/wt
ZNF8	clone_12	B	self	ok	2.4	""	tmp/test_results/r/test_run_win/ZNF8/clone_12/mode_B/self
ZNF8	clone_12	B	wt	ok	2.27	""	tmp/test_results/r/test_run_win/ZNF8/clone_12/mode_B/wt
ZNF8	clone_12	C	self	ok	0.05	""	tmp/test_results/r/test_run_win/ZNF8/clone_12/mode_C/self
ZNF8	clone_12	C	wt	ok	0.03	""	tmp/test_results/r/test_run_win/ZNF8/clone_12/mode_C/wt
ZNF8	clone_13	A	self	ok	0.25	""	tmp/test_results/r/test_run_win/ZNF8/clone_13/mode_A/self
ZNF8	clone_13	A	wt	ok	0.27	""	tmp/test_results/r/test_run_win/ZNF8/clone_13/mode_A/wt
ZNF8	clone_13	B	self	ok	1.14	""	tmp/test_results/r/test_run_win/ZNF8/clone_13/mode_B/self
ZNF8	clone_13	B	wt	ok	1.03	""	tmp/test_results/r/test_run_win/ZNF8/clone_13/mode_B/wt
ZNF8	clone_13	C	self	ok	0.05	""	tmp/test_results/r/test_run_win/ZNF8/clone_13/mode_C/self
ZNF8	clone_13	C	wt	ok	0.03	""	tmp/test_results/r/test_run_win/ZNF8/clone_13/mode_C/wt
ZNF8	clone_14	A	self	ok	0.22	""	tmp/test_results/r/test_run_win/ZNF8/clone_14/mode_A/self
ZNF8	clone_14	A	wt	ok	0.26	""	tmp/test_results/r/test_run_win/ZNF8/clone_14/mode_A/wt
ZNF8	clone_14	B	self	ok	1.59	""	tmp/test_results/r/test_run_win/ZNF8/clone_14/mode_B/self
ZNF8	clone_14	B	wt	ok	1.81	""	tmp/test_results/r/test_run_win/ZNF8/clone_14/mode_B/wt
ZNF8	clone_14	C	self	ok	0.05	""	tmp/test_results/r/test_run_win/ZNF8/clone_14/mode_C/self
ZNF8	clone_14	C	wt	ok	0.03	""	tmp/test_results/r/test_run_win/ZNF8/clone_14/mode_C/wt
ZNF8	clone_16	A	self	ok	0.29	""	tmp/test_results/r/test_run_win/ZNF8/clone_16/mode_A/self
ZNF8	clone_16	A	wt	ok	0.31	""	tmp/test_results/r/test_run_win/ZNF8/clone_16/mode_A/wt
ZNF8	clone_16	B	self	ok	1.62	""	tmp/test_results/r/test_run_win/ZNF8/clone_16/mode_B/self
ZNF8	clone_16	B	wt	ok	1.63	""	tmp/test_results/r/test_run_win/ZNF8/clone_16/mode_B/wt
ZNF8	clone_16	C	self	ok	0.05	""	tmp/test_results/r/test_run_win/ZNF8/clone_16/mode_C/self
ZNF8	clone_16	C	wt	ok	0.03	""	tmp/test_results/r/test_run_win/ZNF8/clone_16/mode_C/wt
ZNF8	clone_17	A	self	ok	0.21	""	tmp/test_results/r/test_run_win/ZNF8/clone_17/mode_A/self
ZNF8	clone_17	A	wt	ok	0.26	""	tmp/test_results/r/test_run_win/ZNF8/clone_17/mode_A/wt
ZNF8	clone_17	B	self	ok	0.82	""	tmp/test_results/r/test_run_win/ZNF8/clone_17/mode_B/self
ZNF8	clone_17	B	wt	ok	0.92	""	tmp/test_results/r/test_run_win/ZNF8/clone_17/mode_B/wt
ZNF8	clone_17	C	self	ok	0.05	""	tmp/test_results/r/test_run_win/ZNF8/clone_17/mode_C/self
ZNF8	clone_17	C	wt	ok	0.03	""	tmp/test_results/r/test_run_win/ZNF8/clone_17/mode_C/wt
ZNF8	clone_18	A	self	ok	0.21	""	tmp/test_results/r/test_run_win/ZNF8/clone_18/mode_A/self
ZNF8	clone_18	A	wt	ok	0.27	""	tmp/test_results/r/test_run_win/ZNF8/clone_18/mode_A/wt
ZNF8	clone_18	B	self	ok	0.9	""	tmp/test_results/r/test_run_win/ZNF8/clone_18/mode_B/self
ZNF8	clone_18	B	wt	ok	0.99	""	tmp/test_results/r/test_run_win/ZNF8/clone_18/mode_B/wt
ZNF8	clone_18	C	self	ok	0.05	""	tmp/test_results/r/test_run_win/ZNF8/clone_18/mode_C/self
ZNF8	clone_18	C	wt	ok	0.03	""	tmp/test_results/r/test_run_win/ZNF8/clone_18/mode_C/wt
ZNF8	clone_20	A	self	ok	0.21	""	tmp/test_results/r/test_run_win/ZNF8/clone_20/mode_A/self
ZNF8	clone_20	A	wt	ok	0.2	""	tmp/test_results/r/test_run_win/ZNF8/clone_20/mode_A/wt
ZNF8	clone_20	B	self	ok	1.07	""	tmp/test_results/r/test_run_win/ZNF8/clone_20/mode_B/self
ZNF8	clone_20	B	wt	ok	1.15	""	tmp/test_results/r/test_run_win/ZNF8/clone_20/mode_B/wt
ZNF8	clone_20	C	self	ok	0.03	""	tmp/test_results/r/test_run_win/ZNF8/clone_20/mode_C/self
ZNF8	clone_20	C	wt	ok	0.03	""	tmp/test_results/r/test_run_win/ZNF8/clone_20/mode_C/wt
ZNF8	clone_3	A	self	ok	0.29	""	tmp/test_results/r/test_run_win/ZNF8/clone_3/mode_A/self
ZNF8	clone_3	A	wt	ok	0.28	""	tmp/test_results/r/test_run_win/ZNF8/clone_3/mode_A/wt
ZNF8	clone_3	B	self	ok	2.28	""	tmp/test_results/r/test_run_win/ZNF8/clone_3/mode_B/self
ZNF8	clone_3	B	wt	ok	1.9	""	tmp/test_results/r/test_run_win/ZNF8/clone_3/mode_B/wt
ZNF8	clone_3	C	self	ok	0.04	""	tmp/test_results/r/test_run_win/ZNF8/clone_3/mode_C/self
ZNF8	clone_3	C	wt	ok	0.02	""	tmp/test_results/r/test_run_win/ZNF8/clone_3/mode_C/wt
ZNF8	clone_4	A	self	ok	0.2	""	tmp/test_results/r/test_run_win/ZNF8/clone_4/mode_A/self
ZNF8	clone_4	A	wt	ok	0.23	""	tmp/test_results/r/test_run_win/ZNF8/clone_4/mode_A/wt
ZNF8	clone_4	B	self	ok	1.15	""	tmp/test_results/r/test_run_win/ZNF8/clone_4/mode_B/self
ZNF8	clone_4	B	wt	ok	1.36	""	tmp/test_results/r/test_run_win/ZNF8/clone_4/mode_B/wt
ZNF8	clone_4	C	self	ok	0.06	""	tmp/test_results/r/test_run_win/ZNF8/clone_4/mode_C/self
ZNF8	clone_4	C	wt	ok	0.03	""	tmp/test_results/r/test_run_win/ZNF8/clone_4/mode_C/wt
ZNF8	clone_5	A	self	ok	0.26	""	tmp/test_results/r/test_run_win/ZNF8/clone_5/mode_A/self
ZNF8	clone_5	A	wt	ok	0.29	""	tmp/test_results/r/test_run_win/ZNF8/clone_5/mode_A/wt
ZNF8	clone_5	B	self	ok	1.96	""	tmp/test_results/r/test_run_win/ZNF8/clone_5/mode_B/self
ZNF8	clone_5	B	wt	ok	1.72	""	tmp/test_results/r/test_run_win/ZNF8/clone_5/mode_B/wt
ZNF8	clone_5	C	self	ok	0.05	""	tmp/test_results/r/test_run_win/ZNF8/clone_5/mode_C/self
ZNF8	clone_5	C	wt	ok	0.03	""	tmp/test_results/r/test_run_win/ZNF8/clone_5/mode_C/wt
ZNF8	clone_6	A	self	ok	0.2	""	tmp/test_results/r/test_run_win/ZNF8/clone_6/mode_A/self
ZNF8	clone_6	A	wt	ok	0.22	""	tmp/test_results/r/test_run_win/ZNF8/clone_6/mode_A/wt
ZNF8	clone_6	B	self	ok	0.8	""	tmp/test_results/r/test_run_win/ZNF8/clone_6/mode_B/self
ZNF8	clone_6	B	wt	ok	0.78	""	tmp/test_results/r/test_run_win/ZNF8/clone_6/mode_B/wt
ZNF8	clone_6	C	self	ok	0.03	""	tmp/test_results/r/test_run_win/ZNF8/clone_6/mode_C/self
ZNF8	clone_6	C	wt	ok	0.02	""	tmp/test_results/r/test_run_win/ZNF8/clone_6/mode_C/wt
ZNF8	clone_7	A	self	ok	0.3	""	tmp/test_results/r/test_run_win/ZNF8/clone_7/mode_A/self
ZNF8	clone_7	A	wt	ok	0.3	""	tmp/test_results/r/test_run_win/ZNF8/clone_7/mode_A/wt
ZNF8	clone_7	B	self	ok	2.27	""	tmp/test_results/r/test_run_win/ZNF8/clone_7/mode_B/self
ZNF8	clone_7	B	wt	ok	2.03	""	tmp/test_results/r/test_run_win/ZNF8/clone_7/mode_B/wt
ZNF8	clone_7	C	self	ok	0.05	""	tmp/test_results/r/test_run_win/ZNF8/clone_7/mode_C/self
ZNF8	clone_7	C	wt	ok	0.03	""	tmp/test_results/r/test_run_win/ZNF8/clone_7/mode_C/wt
ZNF8	clone_9	A	self	ok	0.26	""	tmp/test_results/r/test_run_win/ZNF8/clone_9/mode_A/self
ZNF8	clone_9	A	wt	ok	0.31	""	tmp/test_results/r/test_run_win/ZNF8/clone_9/mode_A/wt
ZNF8	clone_9	B	self	ok	1.81	""	tmp/test_results/r/test_run_win/ZNF8/clone_9/mode_B/self
ZNF8	clone_9	B	wt	ok	2.21	""	tmp/test_results/r/test_run_win/ZNF8/clone_9/mode_B/wt
ZNF8	clone_9	C	self	ok	0.04	""	tmp/test_results/r/test_run_win/ZNF8/clone_9/mode_C/self
ZNF8	clone_9	C	wt	ok	0.03	""	tmp/test_results/r/test_run_win/ZNF8/clone_9/mode_C/wt
nano_seq	293T-G1	A	self	ok	0.41	""	tmp/test_results/r/test_run_win/nano_seq/293T-G1/mode_A/self
nano_seq	293T-G1	B	self	ok	2.47	""	tmp/test_results/r/test_run_win/nano_seq/293T-G1/mode_B/self
nano_seq	293T-G1	C	self	ok	0.05	""	tmp/test_results/r/test_run_win/nano_seq/293T-G1/mode_C/self
nano_seq	293T-G2	A	self	ok	0.56	""	tmp/test_results/r/test_run_win/nano_seq/293T-G2/mode_A/self
nano_seq	293T-G2	B	self	ok	5.59	""	tmp/test_results/r/test_run_win/nano_seq/293T-G2/mode_B/self
nano_seq	293T-G2	C	self	ok	0.04	""	tmp/test_results/r/test_run_win/nano_seq/293T-G2/mode_C/self
nano_seq	293T-G3	A	self	ok	0.51	""	tmp/test_results/r/test_run_win/nano_seq/293T-G3/mode_A/self
nano_seq	293T-G3	B	self	ok	5.53	""	tmp/test_results/r/test_run_win/nano_seq/293T-G3/mode_B/self
nano_seq	293T-G3	C	self	ok	0.03	""	tmp/test_results/r/test_run_win/nano_seq/293T-G3/mode_C/self
nano_seq	293T-G4	A	self	ok	0.55	""	tmp/test_results/r/test_run_win/nano_seq/293T-G4/mode_A/self
nano_seq	293T-G4	B	self	ok	3.14	""	tmp/test_results/r/test_run_win/nano_seq/293T-G4/mode_B/self
nano_seq	293T-G4	C	self	ok	0.05	""	tmp/test_results/r/test_run_win/nano_seq/293T-G4/mode_C/self
nano_seq	293T-G5	A	self	ok	0.31	""	tmp/test_results/r/test_run_win/nano_seq/293T-G5/mode_A/self
nano_seq	293T-G5	B	self	ok	2.28	""	tmp/test_results/r/test_run_win/nano_seq/293T-G5/mode_B/self
nano_seq	293T-G5	C	self	ok	0.04	""	tmp/test_results/r/test_run_win/nano_seq/293T-G5/mode_C/self
nano_seq	G1	A	self	ok	0.26	""	tmp/test_results/r/test_run_win/nano_seq/G1/mode_A/self
nano_seq	G1	A	wt	ok	0.34	""	tmp/test_results/r/test_run_win/nano_seq/G1/mode_A/wt
nano_seq	G1	B	self	ok	1.47	""	tmp/test_results/r/test_run_win/nano_seq/G1/mode_B/self
nano_seq	G1	B	wt	ok	1.55	""	tmp/test_results/r/test_run_win/nano_seq/G1/mode_B/wt
nano_seq	G1	C	self	ok	0.03	""	tmp/test_results/r/test_run_win/nano_seq/G1/mode_C/self
nano_seq	G1	C	wt	ok	0.03	""	tmp/test_results/r/test_run_win/nano_seq/G1/mode_C/wt
nano_seq	G2	A	self	ok	0.38	""	tmp/test_results/r/test_run_win/nano_seq/G2/mode_A/self
nano_seq	G2	A	wt	ok	0.39	""	tmp/test_results/r/test_run_win/nano_seq/G2/mode_A/wt
nano_seq	G2	B	self	ok	2.69	""	tmp/test_results/r/test_run_win/nano_seq/G2/mode_B/self
nano_seq	G2	B	wt	ok	2.66	""	tmp/test_results/r/test_run_win/nano_seq/G2/mode_B/wt
nano_seq	G2	C	self	ok	0.04	""	tmp/test_results/r/test_run_win/nano_seq/G2/mode_C/self
nano_seq	G2	C	wt	ok	0.06	""	tmp/test_results/r/test_run_win/nano_seq/G2/mode_C/wt
nano_seq	G3	A	self	ok	0.59	""	tmp/test_results/r/test_run_win/nano_seq/G3/mode_A/self
nano_seq	G3	A	wt	ok	0.6	""	tmp/test_results/r/test_run_win/nano_seq/G3/mode_A/wt
nano_seq	G3	B	self	ok	4.48	""	tmp/test_results/r/test_run_win/nano_seq/G3/mode_B/self
nano_seq	G3	B	wt	ok	4.47	""	tmp/test_results/r/test_run_win/nano_seq/G3/mode_B/wt
nano_seq	G3	C	self	ok	0.04	""	tmp/test_results/r/test_run_win/nano_seq/G3/mode_C/self
nano_seq	G3	C	wt	ok	0.06	""	tmp/test_results/r/test_run_win/nano_seq/G3/mode_C/wt
nano_seq	G4	A	self	ok	0.68	""	tmp/test_results/r/test_run_win/nano_seq/G4/mode_A/self
nano_seq	G4	A	wt	ok	0.42	""	tmp/test_results/r/test_run_win/nano_seq/G4/mode_A/wt
nano_seq	G4	B	self	ok	2.4	""	tmp/test_results/r/test_run_win/nano_seq/G4/mode_B/self
nano_seq	G4	B	wt	ok	2.59	""	tmp/test_results/r/test_run_win/nano_seq/G4/mode_B/wt
nano_seq	G4	C	self	ok	0.03	""	tmp/test_results/r/test_run_win/nano_seq/G4/mode_C/self
nano_seq	G4	C	wt	ok	0.03	""	tmp/test_results/r/test_run_win/nano_seq/G4/mode_C/wt
nano_seq	G5	A	self	ok	0.35	""	tmp/test_results/r/test_run_win/nano_seq/G5/mode_A/self
nano_seq	G5	A	wt	ok	0.34	""	tmp/test_results/r/test_run_win/nano_seq/G5/mode_A/wt
nano_seq	G5	B	self	ok	2.52	""	tmp/test_results/r/test_run_win/nano_seq/G5/mode_B/self
nano_seq	G5	B	wt	ok	2.94	""	tmp/test_results/r/test_run_win/nano_seq/G5/mode_B/wt
nano_seq	G5	C	self	ok	0.03	""	tmp/test_results/r/test_run_win/nano_seq/G5/mode_C/self
nano_seq	G5	C	wt	ok	0.05	""	tmp/test_results/r/test_run_win/nano_seq/G5/mode_C/wt
